true/false,content string
FALSE,one physician from texas says we have a cure to covid19 its hydroxychloroquine azithromycin and zinc trumpwasright
FALSE,wow physicians have gathered in washington dc to let the american people know there are effective treatment options available for covid19 one physician from texas says we have a cure to covid19 its hydroxychloroquine azithromycin and zinc whitecoatsummit
FALSE,is this true the cdc quietly updated the covid number to admit that only 6 of all the 153504 deaths recorded actually died from covid19 153504 x 06 9210 deaths is this true
FALSE,hydroxychloroquine zinc azithromycin are the cure to covid 19 we dont need a vaccine thousands upon thousands have been treated with this method and they are all okay the fda is lying fauci is lying bill gates is lying
FALSE,hydroxychloroquine 200 mg 2 x day for 5 days 10 pills 10 copay zinc sulfate 220 mg once a day for 5 days 5 pills less than 10 azithromycin 500 mg once a day for 5 days 5 pills 10 copay cureprophylactic for covid19 30 freedom priceless its about power and money
FALSE,hydroxychloroquine zinc and azithromycin are the cure for covid19 more cures include vitamin c quercitin zinc as well as ozonated saline chased with ivc glutathione thank you dr suzanne humphries for this information
FALSE,interesting of 352 patients with covid19 all recovered and none died they say we have the cure hydroxychloroquine before you get it and hydroxy and zinc and azithromycin to treat it if you get it of course it has to be the correct dosages 15 yr old study proves it
FALSE,there is a cure for covid19the china virus its called hydroxychloroquine and zinc in combination with either azithromycin or doxycycline
FALSE,july 31 at 840 am your post didnt follow our community standards bill zimmer july 30 at 1258 pm shared with public the cure for covid19 hydroxychloroquine zinc azithromycin and a presidential election 30 days in fb jail for this post
FALSE,wow physicians have gathered in washington dc to let the american people know there are effective treatment options available for covid19 one physician from texas says we have a cure to covid19 its hydroxychloroquine azithromycin and zinc
